weight,calculated_strain
0.0,0.0
0.13842000000000002,185.3061326365375
0.25007,334.77463219490636
0.5469299999999999,732.1881456646545
0.5493499999999999,735.4278569851311
1.04882,1404.0801765052254
